{"cameraMode":{"drawMode":0,"name":"Shaded","section":"Shading Mode"},"sceneLighting":true,"audioPlay":false,"sceneViewState":{"showFog":true,"showMaterialUpdate":false,"showSkybox":true,"showFlares":true,"showImageEffects":true,"showParticleSystems":true,"showVisualEffectGraphs":true,"m_FxEnabled":true},"in2DMode":false,"pivot":{"x":0.45436251163482668,"y":-0.13882172107696534,"z":-0.008287644013762474},"rotation":{"x":0.2431235909461975,"y":0.6547067165374756,"z":-0.2355148047208786,"w":0.6758697032928467},"size":2.044628858566284,"orthographic":false}